{
  "id": "1714246",
  "name": "burner-v2",
  "font_family": "iconfont",
  "css_prefix_text": "icon-",
  "description": "",
  "glyphs": [
    {
      "icon_id": "7851523",
      "name": "github",
      "font_class": "github",
      "unicode": "e606",
      "unicode_decimal": 58886
    },
    {
      "icon_id": "557221",
      "name": "cloud download",
      "font_class": "clouddownload",
      "unicode": "e67a",
      "unicode_decimal": 59002
    },
    {
      "icon_id": "941656",
      "name": "最小化",
      "font_class": "zuixiaohua",
      "unicode": "e629",
      "unicode_decimal": 58921
    },
    {
      "icon_id": "1262333",
      "name": "usb",
      "font_class": "usb",
      "unicode": "e72d",
      "unicode_decimal": 59181
    },
    {
      "icon_id": "2487434",
      "name": "refresh",
      "font_class": "shuaxin",
      "unicode": "e6b0",
      "unicode_decimal": 59056
    },
    {
      "icon_id": "3835133",
      "name": "最大化",
      "font_class": "zuidahua",
      "unicode": "e66c",
      "unicode_decimal": 58988
    },
    {
      "icon_id": "4904007",
      "name": "version",
      "font_class": "version",
      "unicode": "e604",
      "unicode_decimal": 58884
    },
    {
      "icon_id": "5349485",
      "name": "wifi",
      "font_class": "wifi",
      "unicode": "e69d",
      "unicode_decimal": 59037
    },
    {
      "icon_id": "9932052",
      "name": "interface_setting_line",
      "font_class": "setting",
      "unicode": "e600",
      "unicode_decimal": 58880
    },
    {
      "icon_id": "10002476",
      "name": "关  闭",
      "font_class": "guanbi",
      "unicode": "e613",
      "unicode_decimal": 58899
    },
    {
      "icon_id": "12132162",
      "name": "hot-or-burn-interface-symbol",
      "font_class": "hot-or-burn-interface-symbol",
      "unicode": "e6dd",
      "unicode_decimal": 59101
    },
    {
      "icon_id": "12938597",
      "name": "erase",
      "font_class": "erase",
      "unicode": "e601",
      "unicode_decimal": 58881
    },
    {
      "icon_id": "13003015",
      "name": "update",
      "font_class": "update",
      "unicode": "e788",
      "unicode_decimal": 59272
    },
    {
      "icon_id": "13102334",
      "name": "add",
      "font_class": "add",
      "unicode": "e62a",
      "unicode_decimal": 58922
    },
    {
      "icon_id": "13319429",
      "name": "delete",
      "font_class": "delete",
      "unicode": "e641",
      "unicode_decimal": 58945
    }
  ]
}
